title,price
The Quarry for PS4™,$59.99
SpellForce III Reforced,$39.99
Arcade Spirits: The New Challengers,$19.99
Moo Lander,$17.99
MY LITTLE PONY: A Maretime Bay Adventure,$39.99
The Jumping Pizza,$1.49
Arcade Archives FLIPULL,$7.99
Destropolis,$5.99
Underland: The Climb,$3.99
Amazing Superhero Squad,$6.99
Roller Champions™,Free
Zombo Buster Advance,$4.99
Dungeon Defenders: Awakened,$29.99
Kruger,$1.99
Injection π23 'Ars Regia',$29.99
The Bat D,$1.49
Space 2 (3 Player Cooperation Edition) - Breakthrough Gaming Arcade,$0.99
Space Run,$6.99
Amazing Princess Sarah,$6.99
Ashigaru: The Last Shogun,$9.99
Cotton Fantasy,$39.99
The Jumping Taco,$1.49
Vampire: The Masquerade - Swansong,$59.99
Arcade Archives TRIO THE PUNCH,$7.99
Ogre: Console Edition,$24.99
DEATHVERSE: LET IT DIE  (Network Test),Free
Behind Closed Doors: A Developer's Tale,$4.99
My Name is Mayo 3,$1.99
Cubic Lines,$2.99
Space 2 (4 Player Cooperation Edition) - Breakthrough Gaming Arcade,$0.99
Steam Engine,$0.99
The Jumping Burger,$1.49
Welcome to the World of ZJ the Ball (Visual Novel),$0.49
Horror Run,$6.99
Aery - A New Frontier,$9.99
Best Month Ever!,$19.99
Rogue Lords,$29.99
Arcade Archives PRO TENNIS WORLD COURT,$7.99
Dog’s Donuts,$3.99
Flippin Kaktus,$11.99
Horror Bar VR,$19.99
Source of Madness,$19.99
Assassin's Creed Chronicles Trilogy,$24.99
The Slovak Run,$1.49
Get to the Top 2 - Breakthrough Gaming Arcade,$0.99
Pizza Run,$6.99
Arcade Archives FIGHTING HAWK,$7.99
Galagi Shooter PS4 & PS5,$4.99
The Jekoos,$5.49
RiffTrax: The Game,$9.99
Wildcat Gun Machine,$13.49
ADIOS Amigos: Galactic Explorers,$11.99
PictoQuest,$7.99
Rock Paper Scissors - Breakthrough Gaming Arcade,$0.99
Taco Run,$6.99
Breakout Bricks,$4.99
Ravenous Devils,$4.99
A Fungus In My Garden,$29.99
Alder's Blood: Definitive Edition,$15.99
Arcade Archives YOUKAI DOUCHUKI,$7.99
A Street Cat's Tale,$7.99
Raven's Hike,$3.99
TASOMACHI: Behind the Twilight,$19.99
THE HOUSE OF THE DEAD: Remake,$24.99
Layer Section™ & Galactic Attack™ S-Tribute,$29.99
Escape 2088,$2.39
RESEARCH and DESTROY,$19.99
Farm Manager 2022,$10.84
"Injection π23 'No Name, No Number' - Complete Edition",$12.99
"Injection π23 'No Name, No Number' - Expansion Events",$4.99
The Pigeon P,$1.49
Burger Run,$6.99
Winkeltje: The Little Shop,$14.99
Catana,$6.99
Evasion From Hell,$7.49
Glitchangels,$10.99
NeonLore,$5.99
Metal Tales Overkill,$14.99
Lumote: The Mastermote Chronicles,$19.99
Arcade Archives GAPLUS,$7.99
Burger Bistro Story,$13.99
Dungeons of Shalnor,$9.99
My Brother Ate My Pudding!,$4.99
Samurai Bringer,$9.99
Liberated: Enhanced Edition,$19.99
VICO 2: SAVE THE CHILDREN,$9.99
Rainbow,$1.49
Alienzix,$1.49
Lent's Adventure (Story One) - Lent: The Easter Bunny,$0.99
Space 2 (Challenge Mode Edition) - Breakthrough Gaming Arcade,$0.99
Radon Break,$6.99
Easter Candy Run,$6.99
A Sketchbook About Her Sun,$3.99
Bibi & Tina – New adventures with horses,$19.99
Sally Face,$14.99
Super Toy Cars Offroad,$14.99
Arcade Archives THE LEGEND OF VALKYRIE,$7.99
Hidden Shapes: Animals + Lovely Cats,$1.99
TAPE: Unveil the Memories,$19.99
Them Bombs,$2.71
HiQ Ace Deluxe,$2.99
Cathedral,$14.99
Ice Hockey - Breakthrough Gaming Arcade,$0.99
Lake,$19.99
Clay Skeet Shooting PS4 & PS5,$4.99
Lucky's Tale,$19.99
Slipstream,$9.99
Arcade Archives PAC-LAND,$7.99
CHRONO CROSS: THE RADICAL DREAMERS EDITION,$19.99
ESCHATOS,$26.99
Kombinera,$11.99
Road Maintenance Simulator,$29.99
Traditional Braves,$19.99
Outbreak: Contagious Memories,$29.99
Legal Dungeon,$9.99
MLB® The Show™ 22 PS4™,$39.59
REPLICA,$4.99
Baseball (4 Player Cooperation Edition) (Challenge Mode) - Breakthrough Gaming Arcade,$0.99
Soccer - Breakthrough Gaming Arcade,$0.99
Rolling Gunner + Over Power,$29.99
